Código Interno,Título ,Subtítulo,Autor/Org./Coordenador,ISBN,Tradução,Coleção,Edição,Volume,Classificação,Local de Publicação,Editora,Data,Número de Páginas,Exemplar
150.1,"Pais,  amigos ou censores",,Dirce Bastos Pereira da Silva,,,,4,,Psicologia,São Paulo,Paulinas,1982,213,1
150.2,Comunicação entre pais e filhos,a linguagem do sentir,Maria Tereza Maldonado,,,,2,,Psicologia,Petrópolis,Vozes,1981,168,1
150.3,Vamos construir lares felizes,manual para noivos e recém-casados,Pe. F.J. Heggen; J. C. Marlet,,Vitor Hugo,,2,,Psicologia,São Paulo,Paulinas,1982,189,1
150.4,Encontro de casais com Cristo,serviço de pastoral familiar paroquial,"Pe. Alfonso Pastore, camiliano",,,,7,,Psicologia,São Paulo,Paulinas,1987,92,1
150.5,Família,realidade se constrói,Janice Salomão,,,,2,,Psicologia,São Paulo,Paulinas,1979,94,1
150.6,As crianças falam com Deus,,Annejet Campbell,,Suely Mendes Brazão,,1,,Psicologia,São Paulo,AM,1990,103,1
150.7,Cura interior,uma vida consciente e integrada à luz da fé e da ciência,Pe. Isac Isaias Valle,,,,1,,Psicologia,Campinas,Raboni,2002,105,1
150.8,Estressados ou deprimidos,,Francesco Canova,,Clemente Raphael Mahl,Psicologia e você,1,,Psicologia,São Paulo,Paulinas,1999,78,1
209.1,Como a Igreja Católica Construiu a civilização ocidental,,Thomas E. Woods Jr.,,Élcio Carillo,,1,,História da Religião,São Paulo,Quadrante,2008,222,1
210.1,Caso você case...,,Aldo Vannuchi,,,,2,,Religião,São Paulo,Loyola,1983,66,1
210.2,Rumo à felicidade,,Fulton J. Sheen,,Dr. A. J. Alves das Neves,,4,,Religião,Porto,Livraria Figueirinhas,1960,255,1
210.3,Vida de casal,linhas de espiritualidade conjugal e familiar,Batista Borsato,,Euclides Carneiro da Silva,Espiritualidade familiar,1,,Religião,São Paulo,Paulinas,1998,220,1
210.4,A conquista das virtudes,,Francisco Faus,,,,1,,Religião,São Paulo,Cultor de Livros,2014,207,1
210.5,O livro proibido,,Neimar de Barros,,,,9,,Religião,São Paulo,O Recado,1979,88,1
210.6,Memórias de uma menina católica,,Mary McCarthy,,,Grandes escritores,1,,Religião,São Paulo,Círculo do Livro,1957,205,1
210.7,Falar com Deus,,Pe. Domingos Rebelo,,,,1,,Religião,Campinas,Raboni,1991,163,1
210.8,Vale a pena viver,razões para se crer em Crito hoje,Giovanni Martinetti,,,Juventude,4,,Religião,São Paulo,Salesina Dom Bosco,1980,349,1
210.9,O amor é contagioso,o evangelho da justiça,Papa Francisco,,Amabile Ilibrante Zavattini,,1,,Religião,São Paulo,Fontanar,2017,188,1
210.10,A vida de Jesus,,s/a,,Cedibra ,"textos da Bíblica, ilustrados com fotografias e cores",1,,Religião,Rio de Janeiro,Cedibra,1983,s.p.,1
210.11,Promessas de Jesus,,s/a,,Cedibra ,"textos da Bíblica, ilustrados com fotografias e cores",1,,Religião,Rio de Janeiro,Cedibra,1983,s.p.,1
210.12,Palavras de Jesus,,s/a,,Cedibra ,"textos da Bíblica, ilustrados com fotografias e cores",1,,Religião,Rio de Janeiro,Cedibra,1979,s.p.,1
210.13,Este rebelde quer ser padre,,Pe. Zezinho. SCJ,,,,1,,Religião,São Paulo,Paulinas,1972,78,1
210.14,O Evangelho do nosso Senhor Jesus Cristo,a luz do mundo,s/a,,,,1,,Religião,Reino Unido,Equality Comission,s.d.,s.p.,1
210.15,Maternidade e Espírito,,Luis H. Amadeo Maza; Pe. Fernando Alvarez,,"Pe. Frei César Maria de Taubaté, Capuchinho",Das mães,1,,Religião,São Paulo,Paulinas,s.d.,157,1
210.16,O milagre de Teresa,a impressionante história de fé e devoção que permitiu ao Papa Franscico declarar Madre Teresa de Calcutá é santa!,João Carlos Almeida,,,,1,,Religião,São Paulo,Planeta,2016,206,1
210.17,É sagrado viver,,Pe. Fábio de Melo,,,,1,,Religião,São Paulo,Planeta,2012,176,1
210.18,Caminhamos na estrada de Jesus,o evangelho de Marcos,Conferência Nacional dos Bispos do Brasil,,,,4,,Religião,São Paulo,Paulinas,1996,136,1
210.19,Francisco,o papa da simplicidade,Mario Escobar,,Dênia Sad,biografia,1,,Religião,Rio de Janeiro,Agir,2013,256,1
210.20,O Brasil que queremos,alternativas e protagonistas,"Conferência Nacional dos Bispos do Brasil, Regional Sul",,,,1,,Religião,Petrópolis,Vozes,1994,182,1
210.21,O direito de ser jovem,,"José Fernandes de Oliveira, Pe. Zezinho SCJ",,,,5,,Religião,São Paulo,Paulinas,1982,166,1
210.22,Esta juventude magnífica e seus namoros nem sempre maravilhosos...,,"Pe. Zezinho, SCJ",,,Compromisso,13,,Religião,São Paulo,Paulinas,1983,124,1
210.23,Realiza-te,,Carlos Dolza,,George Ignacio Loureiro Maissiat,Juventude hoje,1,,Religião,São Paulo,Paulinas,1966,369,1
210.24,Despertar de um senso crítico,para o reencontro da civilização com Deus,João Luiz de Freitas,,,,1,,Religião,Belo Horizonte,O Lutador,1988,176,1
210.25,Diga ao mundo que sou jovem,,"Pe. Zezinho, SCJ",,,,10,,Religião,São Paulo,Paulinas,1983,70,1
210.26,Catequese Renovada,versão popular,Fr. Bernardo Cansi,,,,2,,Religião,São Paulo,Paulinas,1985,117,1
210.27,Quando falam os sábios,"provérbios, Jó, Eclesiastes, Eclesiástico, Sabedoria",s/a,,Monjas Dominicanas,Deus fala aos homens,1,,Religião,São Paulo,Paulinas,1984,54,1
210.28,"Meu Cristo, estou de volta",Pastoral Carcerária aplicada no revolucionário sistema APAC,Mário Ottoboni,,,,1,,Religião,São Paulo,Paulinas,1979,226,1
210.29,Casamento,Plano de curso de prepração ao casamento,Movimento Familiar Cristão,,,,5,,Religião,Rio de Janeiro,Sonoviso do Brasil,1971,271,1
210.30,Visão global da vivência religiosa,,Frei Geraldo Carbonera,,,,1,,Religião,Curitiba,,1975,1,1
210.31,Torre de Babel,,Arthur Miranda,,,,1,,Religião,São Paulo,Shalom,1976,63,1
210.32,Pastoral da juventude,"um jeito de ser e fazer, somos igreja jovem",Joaquim Alberto Andrade Silva; Luis Duarte Vieira; Roberta Agustinho da Silva (orgs.),,,subsídio de estudo,1,,Religião,Brasília,PJ,2012,180,1;
210.32,Pastoral da juventude,"um jeito de ser e fazer, somos igreja jovem",Joaquim Alberto Andrade Silva; Luis Duarte Vieira; Roberta Agustinho da Silva (orgs.),,,subsídio de estudo,1,,Religião,Brasília,PJ,2012,180,2
210.32,Pastoral da juventude,"um jeito de ser e fazer, somos igreja jovem",Joaquim Alberto Andrade Silva; Luis Duarte Vieira; Roberta Agustinho da Silva (orgs.),,,subsídio de estudo,1,,Religião,Brasília,PJ,2012,180,3
210.33,Catecismo da Primeira Eucaristia,,"N. Maccari, FSP",,,,11,,Religião,São Paulo,Paulinas,1992,77,1
210.34,Como iniciar um grupo de jovens?,,Carmem Lucia Teixeira; Lourival Rodrigues da Silva (orgs.),,,Na trilha do grupo de jovens,2,,Religião,Brasília,CCJ,2013,113,1;
210.34,Como iniciar um grupo de jovens?,,Carmem Lucia Teixeira; Lourival Rodrigues da Silva (orgs.),,,Na trilha do grupo de jovens,2,,Religião,Brasília,CCJ,2013,113,2
210.34,Como iniciar um grupo de jovens?,,Carmem Lucia Teixeira; Lourival Rodrigues da Silva (orgs.),,,Na trilha do grupo de jovens,2,,Religião,Brasília,CCJ,2013,113,3
210.35,Como desenvolver a integração do grupo de jovens?,,"Alexandre Piero; Edison de Lima, SJ; Liciana Caneschi; Vansessa Aparecida Araújo Correira (orgs.)",,,Na trilha do grupo de jovens,2,,Religião,Brasília,CCJ,2013,84,1;
210.35,Como desenvolver a integração do grupo de jovens?,,"Alexandre Piero; Edison de Lima, SJ; Liciana Caneschi; Vansessa Aparecida Araújo Correira (orgs.)",,,Na trilha do grupo de jovens,2,,Religião,Brasília,CCJ,2013,84,2
210.36,Como cuidar da pessoa no grupo de jovens?,,Fabrício Preto; Simone Costa Moreira (orgs.),,,Na trilha do grupo de jovens,2,,Religião,Brasília,CCJ,2013,88,1;
210.36,Como cuidar da pessoa no grupo de jovens?,,Fabrício Preto; Simone Costa Moreira (orgs.),,,Na trilha do grupo de jovens,2,,Religião,Brasília,CCJ,2013,88,2
210.37,Como vivenciar a fé e a mística no grupo de jovens?,,"José Wilson C. Garcia, SJ; Carmem Lucia Teixeira; Hilário Dick, SJ (orgs.)",,,Na trilha do grupo de jovens,2,,Religião,Brasília,CCJ,2013,100,1
210.38,Como desenvolver a participação social no grupo de jovens?,,Vanildes Gonçalves dos Santos; Hugo Leonnardo Cassimiro; Keila Cristina Alves (orgs.),,,Na trilha do grupo de jovens,2,,Religião,Brasília,CCJ,2013,112,1;
210.38,Como desenvolver a participação social no grupo de jovens?,,Vanildes Gonçalves dos Santos; Hugo Leonnardo Cassimiro; Keila Cristina Alves (orgs.),,,Na trilha do grupo de jovens,2,,Religião,Brasília,CCJ,2013,112,2
210.39,A oração no mundo secular,desafio e chance,Leonardo Boff; Ademar Spindeldreier; Hermógenes Harada,,,,2,,Religião,Petrópolis,Vozes,1972,111,1
210.40,O diário que Maria não escreveu,,Justo Asiaín,,Eugênia Flavian,,2,,Religião,São Paulo,Paulinas,1982,124,1
210.41,Iniciação à comunidade cristã,a relação entre a comunidade evangelizadora e o catecumenato de adultos,Roberto Nentwig,,,,1,,Religião,São Paulo,Paulinas,2013,165,1
210.42,O que o papa disse aos leigos,,Hilário Cristofolini,,,,1,,Religião,São Paulo,O Recado,1980,92,1
210.43,A política e Deus,,Jean-Yves Calvez,,"Pe. Maurício Ruffier, S. J.",,1,,Religião,São Paulo,Loyola,1992,73,1
210.44,Família,fidelidade felicidade,Rafael Llano Cifuentes,,,,1,,Religião,Rio de Janeiro,Marques Saraiva,1998,108,1
210.45,Ministério de Adoradores Mirin João Paulo II,,Paróquia Nossa Senhora de Caravággio,,,,1,,Religião,Matelâncdia,RCC,s.d.,24,1
210.46,Nem santo nem medíocre,ideal cristão e condição humana,Javier Garrido,,Nancy B. Faria,,1,,Religião,Petrópolis,Vozes,1994,247,1
210.47,Cristo está vivo,,Michel Quoist,,"Frei Eliseu Lopes, O.P.",,4,,Religião,São Paulo,Livraria Duas Cidades,1975,186,1
210.48,Fala-me de amor,,Michel Quoist,,Nadyr de Salles Penteado,,1,,Religião,São Paulo,Paulinas,1988,253,1
210.49,Onde o céu é família,Dom Zygmunt S. Felinski (1822-1895),Afonso Santa Cruz,,,,1,,Religião,Curitiba,Vicentina,s.d.,123,1
210.50,Bem-aventurados os pacifistas,,"Pe. Zezinho, S.C.J",,,,2,,Religião,São Paulo,Ave Maria,s.d.,109,1
210.51,As asas do amor,,"Pe. Roque Schneider, S.J.",,,,5,,Religião,São Paulo,Paulinas,1981,31,1
210.52,O problema é... Namoro,,"Pe. Murilo, S.C.J.",,,Problemas da juventude,16,1,Religião,São Paulo,Paulinas,1978,59,1
210.53,O problema é... Vocação,,Pe. Augusto Cesar S.C.J.,,,Problemas da juventude,10,2,Religião,São Paulo,Paulinas,1979,74,1
210.54,O problema é... Droga,,Haroldo Galvão,,,Problemas da juventude,10,4,Religião,São Paulo,Paulinas,1977,68,1
210.55,O problema é... Igreja,,Irmão Nery F.S.C.,,,Problemas da juventude,6,5,Religião,São Paulo,Paulinas,1981,88,1
210.56,Encontro de duas vidas,preparando o casamento,Pe. Ernesto Roman,,,Curso de Noivos,6,,Religião,São Paulo,Paulinas,1983,53,1
210.57,Encontro de duas vidas,preparando o casamento,Pe. Ernesto Roman,,,Curso de Noivos,13,,Religião,São Paulo,Paulinas,1991,53,1
210.58,Como ser feliz no casamento?,encontro de casais,Pe. Ernesto Roman,,,Família,2,,Religião,São Paulo,Paulinas,1984,91,1
210.59,As parábolas,,Carlos Mesters,,,Círculos Bíblicos,1,2,Religião,Petrópolis,Vozes,1973,36,1
210.60,O sermão da montanha,,Carlos Mesters,,,Círculos Bíblicos,1,3,Religião,Petrópolis,Vozes,1973,38,1
210.61,A pessoa de Jesus Cristo,,Carlos Mesters,,,Círculos Bíblicos,1,4,Religião,Petrópolis,Vozes,1973,55,1
210.62,Um novo céu e uma nova terra,,Carlos Mesters,,,Círculos Bíblicos,1,5,Religião,Petrópolis,Vozes,1973,47,1
210.63,O privilégio de ser mulher,,Georgette Blaquiére,,M. Cecília de M. Duprat,,1,,Religião,São Paulo,Paulinas,1984,194,1
210.64,Pegadas da vida,,Carlos Bazarra,,António Maia da Rocha,Sabedoria,1,11,Religião,São Paulo,Paulus,1997,172,1
210.65,Transfiguração,um programa de santificação cristificante,Inácio Larrañaga,,Sandra Trabucco Valenzuela,,1,,Religião,São Paulo,Paulinas,1999,131,1
210.66,Quando o evangelho entra na família,,Ginetta Calliari,,,Testemunhos,1,,Religião,São Paulo,Cidade Nova,1981,124,1
210.67,Peregrino do amor,,Pe. Xisto P. Bobato,,,Recado,1,1,Religião,São Paulo,Paulinas,1975,69,1
210.68,O profeta algemado,crônicas de um coração insatisfeito com o provisório e a sal angustiante busca do definitivo,Pe. Carlos Afonso Schmitt,,,Recado,1,4,Religião,São Paulo,Paulinas,1975,58,1
210.69,Deus está chorando,,"Pe. Xisto P. Bobato, CM",,,Recado,1,9,Religião,São Paulo,Paulinas,1976,69,1
210.70,"Senhor, que queres que eu faça",,"José Fernandes de Oliveira, Pe. Zezinho SCJ",,,Jovens Adultos,1,3,Religião,São Paulo,Paulinas,1982,147,1
210.71,Deixa-me ver tua face,"Ct 2, 14b, reflexões sobre a experiência por Deus","Frei Ovidio Zanini, O.F.M.Cap.",,,,1,,Religião,São Paulo,Escolas Profissionais Salesianas,1984,231,1
210.72,Para que o amor permaneça,,"Frei Hugo D. Baggio, O.F.M.",,,,1,,Religião,Aparecida,Santuário,1983,187,1
210.73,Famílias restauradas,,"Pe. Léo, S.C.J.",,,,25,,Religião,São Paulo,Canção Nova,2013,223,1
210.74,Uma mulher vestida de sol,,João da Silva Passos,,,Temas marianos,1,,Religião,São Paulo,AM,1992,76,1
210.75,Ágape,,Pe. Marcelo Rossi,,,,1,,Religião,São Paulo,Globo,2010,124,1
210.76,Temas de Pregação,,Nihil Obstat,,P. José Valsania D.C.,Temas Sociais,1,1,Religião,São Paulo,Paulinas,1962,110,1
210.77,Um olhar que cura,terapia das doenças espirituais,Pe. Paulo Ricardo,,,,1,,Religião,São Paulo,Canção Nova,2008,159,1
210.78,O cristão secularizado,o humanismo do Vaticano II,"Frei Boaventura Kloppenburg, O.F.M.",,,,1,,Religião,Petrópolis,Vozes,1971,279,1
210.79,São José,apresentado às crianças brasileiras,"Frei Câncio Berri, O.F.M.",,,,1,,Religião,Petrópolis,Vozes,1953,104,1
210.80,Casamento e família no documento de Santo Domingo,,Frei Almir Ribeiro Guimarães,,,Nossa Família,4,4,Religião,Petrópolis,Vozes,1994,43,1
210.81,Preparar o casamento,,Arquidiocese de Vitória,,Pe. Bernardo Colombe,,1,,Religião,São Paulo,Paulinas,1983,59,1
,,,,,,,,,Religião,,,,,
210.83,Os jovens estão casando,,José Roberto dos Sanso Minervino,,,,2,,Religião,São Paulo,Paulinas,1979,94,1
210.84,Um oásis no meu deserto,para quem busca um pouco de paz,Pe. Carlos Afonso Schmitt,,,,11,,Religião,São Paulo,Paulinas,1982,62,1
210.85,Por que confessar-se,,Rafael Stanziona de Moraes,,,Temas Cristãos,4,23,Religião,São Paulo,Quadrante,2004,79,1
210.86,O Homem bom,,Francisco Faus,,,Temas Cristãos,1,41,Religião,São Paulo,Quadrante,1990,45,1
210.87,O que são evangelhos,,Geraldo Morujão,,,Temas Cristãos,1,54,Religião,São Paulo,Quadrante,1992,61,1
210.88,Cartas que você não lerá,uma filha deficiente,Rogelio C. Ramos,,Gabriel Perissé,Temas Cristãos,1,68,Religião,São Paulo,Quadrante,1995,54,1
210.89,O Anticristo,mito ou profecia?,Michele Dolz; Paulo Franciulli,,,Temas Cristãos,1,98,Religião,São Paulo,Quadrante,2001,79,
210.90,Natal,reunião dos sorrisos,Francisco Faus,,,Temas Cristãos,1,102,Religião,São Paulo,Quadrante,2001,77,1
210.91,Família & Televisão,,Mannoun Chimelli,,,Temas Cristãos,1,104,Religião,São Paulo,Quadrante,2002,71,1
210.92,"Cristo, minha esperança",reflexões para o tempo de Páscoa,Francisco Faus,,,Temas Cristãos,1,109,Religião,São Paulo,Quadrante,2003,94,1
210.93,A vontade de poder,"Nietzsche, hoje",José Lino C. Nieto,,,Temas Cristãos,1,112,Religião,São Paulo,Quadrante,2004,86,1
210.94,Tempo para Deus,guia para a vida de oração,Jacques Philippe,,Jacira R. Simaika,Temas Cristãos,1,125-6,Religião,São Paulo,Quadrante,2007,102,1
210.95,"Otimismo Cristão, hoje",diálogo com um pessimista,Francisco Faus,,,Temas Cristãos,1,132,Religião,São Paulo,Quadrante,2008,101,1
210.96,João,o discípulo amado,Otto Hophan,,Roberto Vidal da Silva Martins,Temas Cristãos,1,133,Religião,São Paulo,Quadrante,2008,77,1
210.97,Como aproveitar os defeitos alheios,,Juan Marqués Suriñach,,Emérico da Gama,Temas Cristãos,1,137,Religião,São Paulo,Quadrante,2009,86,1
210.98,"A ""Pequena via"" para Deus",,Santa Teresa do Menino Jesus,,Emérico da Gama,Temas Cristãos,1,138,Religião,São Paulo,Quadrante,2009,85,1
210.99,Chamado a viver,,Jacques Philippe,,Emérico da Gama,Temas Cristãos,1,139-40,Religião,São Paulo,Quadrante,2009,143,1
210.100,Bem-aventurados os pobres,,Francisco José de Almeida,,,Temas Cristãos,1,141,Religião,São Paulo,Quadrante,2010,77,1
210.101,Por que a alegria?,,Pius-Aimone Reggio,,,Temas Cristãos,1,142,Religião,São Paulo,Quadrante,2010,76,1
210.102,A segunda primavera,palavras do Papa no Reino Unido,Bento XVI,,Libreria Editrice Vaticana,Temas Cristãos,1,143,Religião,São Paulo,Quadrante,2010,93,1
210.103,Sermões de Natal,,São Bernardo de Claraval,,Emérico da Gama,Temas Cristãos,1,144,Religião,São Paulo,Quadrante,2010,76,1
210.104,Mitologias Modernas,,José Ramón Ayllón,,Emérico da Gama,Temas Cristãos,1,145,Religião,São Paulo,Quadrante,2011,70,1
210.105,A boa vontade,,Joseph Schrijvers,,Henrique Elfes,Temas Cristãos,1,146,Religião,São Paulo,Quadrante,2011,78,1
210.106,Perspectivas sobre o homossexualismo,prevenão e esperança,Várias autores,,Francisco José de Almeida,Temas Cristãos,1,147,Religião,São Paulo,Quadrante,2011,76,1
210.107,Aprender a descansar,,Fernando Sarráis,,Emérico da Gama,Temas Cristãos,1,151,Religião,São Paulo,Quadrante,2011,83,1
210.108,Encontrar Deus,a aventura mais apaixonante da vida,Dina Matos Ferreira,,,Temas Cristãos,1,154,Religião,São Paulo,Quadrante,2012,77,1
210.109,A alegria de crer,a vitória que vence o mundo,Francisco José de Almeida,,,Temas Cristãos,1,155,Religião,São Paulo,Quadrante,2012,77,1
210.110,A religião sob suspeita,laicismo e laicidade,Francisco Santamaría,,Emérico da Gama,Temas Cristãos,1,156,Religião,São Paulo,Quadrante,2013,83,1
210.111,"Fé, oração, ousadia",mensagens do Papa Francisco,Papa Francisco,,,Temas Cristãos,1,157,Religião,São Paulo,Quadrante,2013,78,1
210.112,A bondade,"pensamentos, palavras, ações",F. W. Faber,,Emérico da Gama,Temas Cristãos,1,158,Religião,São Paulo,Quadrante,2013,77,1
210.113,A dor que dói na juventude,,"José Fernandes de Oliveira, Pe. Zezinho SCJ",,,Sentir com os jovens,1,,Religião,São Paulo,Paulinas,1941,212,1
210.114,Primeiros passos com a Bíblia,,Paulo Bazaglia,,,,1,,Religião,São Paulo,Paulus,2001,31,1
210.115,As Santas Chagas de N. S. Jesus Cristo,e a Irmã Maria Marta Chambom,Irmãs da Visitação,,,,1,,Religião,Belo Horizonte,Divina Misericórdia,1998,96,1
210.116,A família Cristão,sua missão,Padre José Roman Flecha Andrés,,Euclides Carneiro da Silva,,1,,Religião,São Paulo,Paulinas,1984,37,1
210.117,Nossa Senhora de Fátima,,William Thomas Walsh,,Emérico da Gama,,1,,Religião,São Paulo,Quadrante,1996,276,1
210.118,O jogral de Nossa Senhora,,Michel Zink,,Henrique Elfes,,1,,Religião,São Paulo,Quadrante,2001,149,1
210.119,O coração é para amar,,Dom Nivaldo Monte,,,,7,,Religião,Petrópolis,Vozes,1969,121,1
210.120,Pequeno tratado do bem viver,,Anselm Grün,,Mário Augusto Queiroz Carvalho,,2,,Religião,Petrópolis,Vozes,2013,296,1
210.121,A cura pelo amor,,"Pe. Alir Sanagiotto, SCJ",,,,7,,Religião,São Paulo,Loyola,2000,139,1
210.122,O sermão da montanha,,Santo Agostinho,,Nair de Assis de Oliveira,,1,,Religião,São Paulo,Paulinas,1992,206,1
210.123,Apologética e imaginação cristão,uma abordagem integrada para defender a fé,Holly Ordway,,Patrícia Bronislawki Figueredo,,1,,Religião,Santa Catarina,Copiart,2020,200,1
210.124,Sereis uma só carne,,Felipe R. Q. Aquino,,,,1,,Religião,Campinas,Raboni,1994,57,1
210.125,"Jovem, levanta-te!",,Prof. Felipe Aquino,,,,1,,Religião,São Paulo,Cléofas,2011,169,1
210.126,Abraçou-o e o cobriu de beijos,lectio divina sobre a parábola do pai misericordioso,Marko Ivan Rupnik,,,Água Viva,1,,Religião,São Paulo,Paulinas,2005,94,1
210.127,Moral,a arte de viver,Juan Luis Lorda,,Roberto Vidal da Silva Martins,,1,,Religião,São Paulo,Quadrante,2001,236,1
210.128,Vaso de argila,,Leo J. Trese,,Francisco Soares,,1,,Religião,São Paulo,Quadrante,1988,125,1
210.129,A vida religiosa e a igreja no processo de libertação,,"Leonardo Boff, O.F.M.",,,Temas Atuais,2,1,Religião,Petrópolis,Vozes,1976,101,1
210.130,"Cristo, nós e a morte",,François Xavier Durrwell,,,Fé Adulta,1,,Religião,São Paulo,Paulinas,1995,97,1
210.131,Cura entre gerações,uma viagem íntima através do perdão,"Pe. Robert Degrandis, S.S.J.",,Dom Ciprinano Chagas,,14,,Religião,Rio de Janeiro,Louva a Deus,1999,144,1
210.132,O senso crítico e o método ver-julgar-agir,,"Jorge Boran, C.S.SP.",,,Para pequenos grupos de base,5,,Religião,São Paulo,Loyola,1977,189,1
210.133,"Juventude, o grande desafio",,Pe. Jorge Boran,,,,3,,Religião,São Paulo,Paulinas,1983,331,1
210.134,Ciência e Cristo,,Pierre Teilhard de Chardin,,Epharin Ferreira Alves,,1,,Religião,Petrópolis,Vozes,1974,204,1
210.135,Medjugorje Urgente,as aparições de Nossa Senhora na Iugoslávia,Olivo Cesca,,,Série Rainha,5,1,Religião,Porto Alegre,Palloti,1988,232,1
210.136,Subida ao Monte Sinai,,Raniero Catalamessa,,"Maurício Ruffler, S.J.; Marcos Marcionilo",,1,,Religião,São Paulo,Loyola,1997,194,1
210.137,Projeto de Vida Radical,,"Fr. Mateus Rocha, O.P.",,,,1,,Religião,Petrópolis,Vozes,1977,95,1
210.138,O sonho de Jacó,rumo a um itinerário espiritual,Carlo Maria Martini (Arcepispo de Milão),,Attílio Bruneta,,1,,Religião,Petrópolis,Vozes,1995,77,1
210.139,O povo da Bíblia narra suas origens,,"Romi Auth, fsp; Equipe SAB",,,"Bíblia em Comunidade, série visão global",3,3,Religião,São Paulo,Paulinas,2003,63,1
210.140,Um vida a dois,,"Frei José Carlos, O.F.M.Cap.",,,,7,,Religião,Petrópolis,Vozes,1981,41,1
210.141,Sorria! O Amor Renasceu!,reflexões sobre a alegria de viver,Pe. Carlos Afonso Schmitt,,,,9,,Religião,São Paulo,Paulinas,1981,46,1
210.142,"Família, Casamento, Sexo",por uma nova prática pastoral,"Frei Bernardinho Leerss, OFM",,,,1,,Religião,Petrópolis,Vozes,1992,95,1
210.143,Rute uma história da bíblica,"Pão, família, Terra! Quem vai por aí não erra!","Carlos Mesters, carmelita",,Antônio G. Cantarela,,1,,Religião,São Paulo,Paulinas,1985,92,1
210.144,Pais conscientes filhos realizados,"aspectos psicológicos, religiosos, familiares e sociais que incidem na opção vocacional ou profissão dos filhos",Pe. Carlos Afonso Schmitt,,,,1,,Religião,São Paulo,Paulinas,1980,158,1
210.145,Mulheres no Novo Testamento,exegese numa perspectiva feminista,Luise Schottroff,,,Mulheres ontem e hoje,1,,Religião,São Paulo,Paulinas,1995,149,1
210.146,Vida de mulheres na sociedade e na Igreja,uma exagese feminista de Atos dos Apóstolos,Ivoni Richter Reimer,,,Mulheres ontem e hoje,1,,Religião,São Paulo,Paulinas,1995,102,1
210.147,Um Deus sem pressa,,Mamerto Menapace,,José Américo de Assis Coutinho,Meditações,1,1,Religião,São Paulo,Paulinas,1983,106,1
210.148,Nova Era,um desafio para os cristãos,Leila Amaral; Gottfried Küenzlen; Godfried Danneels,,,Atualidade em diálogo,2,1,Religião,São Paulo,Paulinas,1994,142,1
210.149,A revolução de Deus,discursos do Papa Bento XVI para a XX Jornada Mundial da Juventude,Papa Bento XVI,,Libreria Editrice Vaticana,,1,,Religião,São Paulo,Paulinas,2005,109,1
210.150,Nossa vida em comum,,"Pe. Francisco Leme Lopes, S.J.",,,,3,,Religião,São Paulo,Loyola,1981,127,1
210.151,O que é amor-exigente?,resposta para pais e filhos,Maria Silvia Carvalho de Menezes,,,,1,,Religião,São Paulo,Loyola,1992,164,1
210.152,"Sim, sim! Não, não!",,Pe. Jonas Abib,,,,17,,Religião,São Paulo,Canção Nova,2004,107,1
210.153,Católico pode ou não pode? Por quê?,segunda parte,Pe. Alberto Gambarini,,,,1,,Religião,São Paulo,Ágape,2005,150,1
210.154,Fundamentos do MCC,pré cursilho pós cursilho,Movimento de Cursilhos de Cristandade do Brasil,,,,2,,Religião,São Paulo,MCC,2011,62,1
210.155,Preparai os caminhos do Senhor,por uma evangelização ecumênica mundial em preparação ao ano 2000,Ramiero Cantalamessa,,Pier Luigi Cabra,,1,,Religião,São Paulo,Loyola,1997,237,1
210.156,"Eu, meu Deus e minha Mula",,"Dom Walter Michael Ebejer, O.P.",,,,1,,Religião,Curitiba,Edição do autor,2008,232,1
210.157,Curados para vencer a batalha,,"Pe. Léo, SCJ",,,,13,,Religião,São Paulo,Canção Nova,2009,175,1
210.158,A espiritualidade da arca,uma presença que se revela no dia-a-dia,Jean Vanier,,Tomás Belli,Clarões,1,,Religião,São Paulo,Paulinas,1997,97,1
210.159,Ao Deus da minha juventude,retiro individual para jovens e adolescentes,"José Fernandes de Oliveira, Pe. Zezinho SCJ",,,Jovens Adultos,4,7,Religião,São Paulo,Paulinas,1987,123,1
210.160,A vida sexual dos solteiros e casados,,João Mohana,,,,17,,Religião,Porto Alegre,Globo,1976,252,1
210.161,Céu e carne no casamento,,João Mohana,,,,3,,Religião,Rio de Janeiro,Agir,1976,276,1
210.162,Sofrer e amar,psicologia e teologia do sofrimento,João Mohana,,,,13,,Religião,Rio de Janeiro,Agir,1976,243,1
210.163,Plenitude Humana,,João Mohana,,,,2,,Religião,Porto Alegre,Globo,1977,197,1
210.164,O mundo e eu,,João Mohana,,,,7,,Religião,Rio de Janeiro,Agir,1978,246,1
210.165,Salmos de todos os tempos,,João Mohana,,,,1,,Religião,Rio de Janeiro,Agir,1978,250,1
210.166,Descubra o valor do terço,,João Mohana,,,,4,,Religião,São Paulo,Loyola,1982,62,1
210.167,Casar para crescer,,João Mohana,,,,1,,Religião,Rio de Janeiro,Globo,1984,150,1
210.168,A vida afetiva dos que não se casam,,João Mohana,,,Educação para amar,1,9,Religião,São Paulo,Loyola,1995,107,1
210.169,A força e a suavidade do Espírito Santo,,Rafael Llano Cifuentes,,,,1,,Religião,Rio de Janeiro,Marcos Saraiva,2002,232,1
210.170,Mar adentro,memórias,Rafael Llano Cifuentes,,,,1,,Religião,São Paulo,Quadrante,2018,317,1
210.171,As crises conjugais,e os conflitos do amor,Rafael Llano Cifuentes,,,,1,,Religião,São Paulo,Quadrante,2001,210,1
210.172,A Virgem Nossa Senhora,,Federico Suárez,,Maria Pacheco,Vértice,1,52,Religião,São Paulo,Quadrante,2003,227,1
210.173,Há um outro mundo,,André Frossard,,Antero Ferreira,Vértice,1,53,Religião,São Paulo,Quadrante,2003,132,1
210.174,Carinho e firmeza com os filhos,,Alexander Lyford-Pike,,Cristian Roberto M. de S. Clemente,Vértice,1,54,Religião,São Paulo,Quadrante,2003,131,1
210.175,A vida espiritual,,Benedikt Baur,,Domingos Marques,Vértice,,55,Religião,São Paulo,Quadrante,2004,180,1
210.176,Viver na Paz,,Rafael Llano Cifuentes,,,Vértice,1,66,Religião,São Paulo,Quadrante,2009,133,1
210.176,Viver na Paz,,Rafael Llano Cifuentes,,,Vértice,2,66,Religião,São Paulo,Quadrante,2015,133,1
210.177,Uma loucura razoável,,Joaquín García-Huidobro,,Emérico da Gama,Vértice,1,67,Religião,São Paulo,Quadrante,2009,134,1
210.178,"Senhor, tem piedade de mim",o poder curativo da confissão,Scott Hahn,,Emérico da Gama,Vértice,1,70,Religião,São Paulo,Quadrante,2010,174,1
210.179,O nomaro Cristão,em um mundo supersexualizado,Thomas G. Morrow,,Claudio Rigo,Vértice,1,72,Religião,São Paulo,Quadrante,2011,221,1
210.180,Dora Del Hoyo,uma luz humilde e resplandecente,Javier Medina Bayo,,Emérico da Gama,Vértice,1,78,Religião,São Paulo,Quadrante,2012,139,1
210.181,Jesus e a Samaritana,,George Chevrot,,Maria Vieira,Vértice,1,80,Religião,São Paulo,Quadrante,2013,166,1
210.182,9 Ateus mudam de ônibus,,José Ramón Ayllón,,Emérico da Gama - Roberto Vidal da Silva Martins,Vértice,1,81,Religião,São Paulo,Quadrante,2013,109,1
210.183,São Bernardo de Claraval,testemunha do seu tempo perante Deus,Daniel-Rops,,Emérico da Gama,Vértice,´1,82,Religião,São Paulo,Quadrante,2013,126,1
210.184,A moral católica,,Servais-Théodore Pinckaers,,Paulo Jacobina,Vértice,1,87,Religião,São Paulo,Quadrante,2015,141,1
210.185,Quer casar comigo?,reflexões para cursos de noivos,Antônio Mesquita Galvão,,,,1,,Religião,São Paulo,Paulinas,1983,70,1
210.186,Evangelhos que incomodam,,Alexandre Pronzato,,"Pe. Ângelo Lucas Caravina, SSP",,1,,Religião,São Paulo,Paulinas,1973,428,1
210.187,Os cinco minutos dos anjos,,Sérgio Jeremias de Souza,,,,1,,Religião,São Paulo,Ave Maria,1996,416,1
210.188,Via Sacra,,Josemaría Escrivá,,Emérico da Gama,,4,,Religião,São Paulo,Quadrante,2000,67,1
210.189,Eleva teu doente,,"Frei Carmelo Surian, O.F.M.",,,,1,,Religião,Petrópolis,Voze Limitada,1962,28,1
210.190,Nove caminhos para continuar vivendo,,Víctor Manuel Fernández,,,Luzes do Caminho,1,,Religião,São Paulo,Paulinas,1999,87,1
210.191,Os jovens em 1 minuto,,"Pe. Zezinho, SCJ",,,Pensamentos,7,1,Religião,São Paulo,Paulinas,1982,63,1
210.192,A família em 1 minuto,,"Pe. Zezinho, SCJ",,,Pensamentos,5,2,Religião,São Paulo,Paulinas,1982,70,1
210.193,A mesa do Amor,,"Pe. Roque Scheneider, S.J.",,,Pensamentos,1,5,Religião,São Paulo,Loyola,1981,29,1
210.184,Marifonias em Fátima,uma leitura da mensagem e da vida dos videntes segundo a teologia do sacerdócio comum,André Guerreiro,,,Tese Doutorado,1,,Religião,Roma,,2023,122,1
210.195,Manual para catequese com adultos,iniciação à vida critã: formando discípulos missionários,Diocese de Ponta Grossa,,,,1,,Religião,São Paulo,Ave Maria,2018,344,1
210.196,Problemas e perspectivas de Direto Canônico,,Ernesto Capellini (org.),,Luiz João Gaio,,1,,Religião,São Paulo,Loyola,1995,343,1
210.197,Getsemaní,em oración com Jesucristo,Javier Echevarría,,,Planeta + Testimonio,1,,Religião,Barcelona,Planeta,2005,272,1
210.198,Manual da fé,crisma e primeira eucaristia para adultos,Frei Battistini,,,,11,,Religião,Petrópolis,Vozes,1997,149,1
210.199,Em defesa da Fé Católica,,Gilberto Gomes Barbosa,,,,4,,Religião,Recife,Comunidade Obra de Maria,2005,71,1
210.200,Os anjos,,Gabriel C. Galache,,,,1,,Religião,São Paulo,Loyola,1994,95,1
210.201,Curso para noivas,apontamentos da professora,Isá de Paula Machado Libânio,,,,2,,Religião,Rio de Janeiro,Agir,1966,114,1
210.202,Dons e graças,,Arnold Bittlinger,,"I.P.I. Aguiar, S. Sp. S.",A palavra vivia,1,15,Religião,São Paulo,Paulinas,1977,162,1
210.203,Reflexões sobre a espiritualidade da invocação do nome de Jesus,,Henrique Cristiano José Matos,,,A oração dos simples,2,1,Religião,Belo Horizonte,O Lutador,1994,82,1
210.204,Ser-peregrino,condição existencial do cristão,Henrique Cristiano José Matos,,,A oração dos simples,2,2,Religião,Belo Horizonte,O Lutador,1994,57,1
210.205,O corpo na oração,,Henrique Cristiano José Matos,,,A oração dos simples,2,3,Religião,Belo Horizonte,O Lutador,1994,66,1
210.206,Meditações sobre a fé,,Tadeusz Dajczer,,M. J. Carvalho Moura,Espiritualidade,2,45,Religião,São Paulo,São Paulo,1996,249,1
220.1,A multiplicação dos pães,Evangelho de João,,,,,,,Bíblia,Brasília,SBB,1983,55,1;
220.1,A multiplicação dos pães,Evangelho de João,,,,,,,Bíblia,Brasília,SBB,1983,55,2
220.2,O Santo Evangelho,de N. S. Jesus Cristo,,,"Agostinho Merk, sj; Pontifício Instituto Bíblico de Roma",,29,,Bíblia,Caxias do Sul,Paulinas,1979,371,1
230.1,As fontes do Salvador,,Mons. Álvaro Negromonte,,,,22,,"Teologia doutrina cristã, dogma",Rio de Janeiro,Rumo,1964,138,1
230.2,A arte de evangelizar,,P. Luiz C. Magalhães,,,,1,,"Teologia doutrina cristã, dogma",São Paulo,Paulinas,1968,98,1
230.3,Em defesa da fé,,Pe. Mário Zuchetto css,,,,3,,"Teologia doutrina cristã, dogma",Campinas,Rio Negro,s/d,40,1
230.4,Jesus Cristo,,Karl Adam,,,,1,,"Teologia doutrina cristã, dogma",São Paulo,Quadrante,1986,159,1
230.5,O incômodo e magnífico Jesus de Nazaré,história de Jesus Cristo para jovens e adolescentes,"José Fernandes de Oliveira (Pe. Zezinho, SCJ)",,,,1,,"Teologia doutrina cristã, dogma",São Paulo,Paulinas,1985,171,1
230.6,Cristo Total,identificação de Jesus com sua igrega,Frei Battistini,,,,1,,"Teologia doutrina cristã, dogma",Petrópolis,Vozes,1997,285,1
230.7,Paraíso Terrestre,saudade ou esperança,Frei Carlos Mesters,,,,2,,"Teologia doutrina cristã, dogma",Petrópolis,Vozes,1971,163,1
230.8,"Cristo, quem é você?",,Antoninho Tatto,,,,3,,"Teologia doutrina cristã, dogma",São Paulo,O Recado,1978,76,1
230.9,"Com Maria, Rumo ao Novo Milênio","a mãe de Jesus, na devoção, na Bíblia e nos dogmas",Conferência Nacional dos Bispos do Brasil,,,,1,,"Teologia doutrina cristã, dogma",São Paulo,Loyola,1998,103,1
230.10,Queremos ver o Cristo,,René Guerre; Maruice Zinty,,Helena Ramos,Juventude,2,,"Teologia doutrina cristã, dogma",Rio de Janeiro,Agir,1965,259,1
230.11,Deus e os homens,os seus caminhos,João Batista Libânio,,,Religião e saber,3,,"Teologia doutrina cristã, dogma",Petrópolis,Vozes,1990,216,1
230.12,Deus em Nazaré,a face humana de Deus,Emmanuel Asi,,Therezinha Motta Lima da Cruz,,1,,"Teologia doutrina cristã, dogma",São Paulo,Loyola,1995,131,1
230.13,Ética e evangelização,a dinâmica da alteridade na recriação da moral,Nilo Agostini,,,,2,,"Teologia doutrina cristã, dogma",Petrópolis,Vozes,1993,175,1
230.14,Jesus Cristo e sua missão ,Tomo I,José Comblin,,,Breve curso e Teologia,,1,"Teologia doutrina cristã, dogma",São Paulo,Paulinas,1983,256,1
230.15,A igreja no mundo de hoje,"Constituição ""Gaudium et Spes"" do Vaticano II, com um estudo sobre ""Poputorum Progressio""",,,"Frei Guilherme Baraúna, O.F.M.",,1,,"Teologia doutrina cristã, dogma",Petrópolis,Vozes,1967,727,1
230.16,Amor em gestos,os sacramentos,"Pe. Guy Ruffier, S.J.",,,,5,,"Teologia doutrina cristã, dogma",São Paulo,Loyola,1977,97,1
230.17,Respostas da Bíblia,"às acusações dos ""crentes"" contra a Igreja Católica","Pe. Vicente Wrosz, SVERDI",,,,42,,"Teologia doutrina cristã, dogma",Curitiba,SVERDI,2002,64,1
230.18,Deus,futuro do homem,Segundo Galilea,,Suely Mendes Brazão,,1,,"Teologia doutrina cristã, dogma",São Paulo,AM,1988,64,1
230.19,Bîblia,perguntas que o povo faz,Frei Mauro Strabeli,,,,2,,"Teologia doutrina cristã, dogma",São Paulo,Paulinas,1990,193,1
230.20,Eucaristia,nosso tesouro,Pe. Jonas Abib,,,,4,,"Teologia doutrina cristã, dogma",São Paulo,Canção Nova e Loyola,2001,95,1
230.21,Angústias do nosso século,,"José Somma Renart, SDB",,Antônio Tavares de Paula,Cultura Cristã,,8,"Teologia doutrina cristã, dogma",São Paulo,Paulinas,1966,212,1
230.22,Em favor da família,,Documentos da CNBB,,,,4,3,"Teologia doutrina cristã, dogma",São Paulo,Paulinas,1975,35,1
230.23,Catequese renovada,orientações e conteúdo,Documentos da CNBB,,,,9,26,"Teologia doutrina cristã, dogma",São Paulo,Paulinas,1983,139,1
230.24,Por uma nova ordem constitucional,declaração pastoral,Documentos da CNBB,,,,4,36,"Teologia doutrina cristã, dogma",São Paulo,Paulinas,1986,52,1
230.25,Missão e ministérios dos cristãos leigos e leigas,,Documentos da CNBB,,,,,62,"Teologia doutrina cristã, dogma",São Paulo,Paulinas,1999,131,1
230.26,Brasil 500 anos diálogo e esperança,carta à sociedade brasileira e às nossas comunidades,Documentos da CNBB,,,,2,65,"Teologia doutrina cristã, dogma",São Paulo,Paulinas,2000,43,1
230.27,Exigências evangélicas e éticas de superação da miséria e da fome,"alimento, dom de Deus, direito de todos",Documentos da CNBB,,,,8,69,"Teologia doutrina cristã, dogma",São Paulo,Paulinas,2002,30,1
230.28,Exigências evangélicas e éticas de superação da miséria e da fome,"alimento, dom de Deus, direito de todos",Documentos da CNBB,,,,9,69,"Teologia doutrina cristã, dogma",São Paulo,Paulinas,2003,30,1
230.29,Diretrizes gerais da ação evangelizadora da Igreja no Brasil,2003-2006,Documentos da CNBB,,,,7,71,"Teologia doutrina cristã, dogma",São Paulo,Paulinas,2004,141,1
230.30,Cristãos leigos e leigas na igreuja e na sociedade,sal da terra e luz do mundo,Documentos da CNBB,,,,1,184,"Teologia doutrina cristã, dogma",São Paulo,Paulinas,2016,105,1
230.31,Teologia moral segundo o concílio,,Josef Fuchs S. J. ,,Hugo Assmann,,1,,"Teologia doutrina cristã, dogma",São Paulo,Herder,1968,140,1
230.32,Santo Domingo,conclusões,"João Batista Libânio, S.J.",,Instituto Santo Inácio,Edição Didática,1,,"Teologia doutrina cristã, dogma",São Paulo,Loyola,1994,222,1
230.33,A justiça no mundo,Sinodo dos Bispos,"Frei Frederico Vier, O.F.M.",,Tipografia Poliglota Vaticana,Documentos Pontifícios,1,184,"Teologia doutrina cristã, dogma",Petrópolis,Vozes,1972,25,1
230.34,A evangelização no mundo contemporâneo,"Paulo VI, Exortação Apostólica ""Evangelli Nuntiandi""","Frei Frederico Vier, O.F.M.",,Tipografia Poliglota Vaticana,Documentos Pontifícios,2,188,"Teologia doutrina cristã, dogma",Petrópolis,Vozes,1976,73,1
230.35,Solicitude social da Igreja,"João Paulo II, Carta Encíclica Sollicitudo Rei Socialis","Frei Clarêncio Neotti, O.F.M.",,Tipografia Poliglota Vaticana,Documentos Pontifícios,1,218,"Teologia doutrina cristã, dogma",Petrópolis,Vozes,1988,93,1
230.36,Uso da Comunicação Social na promoção da Doutrina da Fé,Congregação para a Doutrina da Fé,Antônio Angonese,,,Documentos Pontifícios,1,247,"Teologia doutrina cristã, dogma",Petrópolis,Vozes,1992,21,1
230.37,Carta Apostólica Rosarium Virginis Mariae,sobre o rosário,João Paulo II,,,Documentos Pontíficios,1,,"Teologia doutrina cristã, dogma",São Paulo,Loyola,2002,43,1
230.38,Bíblia,livro feito em mutirão,Frei Carlos Mesters,,,,19,,"Teologia doutrina cristã, dogma",São Paulo,Paulus,1983,32,1
230.39,Cristãos hoje,catecismo para adultos,N. Maccari,,,,3,,"Teologia doutrina cristã, dogma",São Paulo,Paulinas,1976,174,1
230.40,Pacem in Terris,Carta Encíclica ,Papa João XXIII,,Tipografia Poliglota Vaticana,,1,,"Teologia doutrina cristã, dogma",São Paulo,Paulinas,1963,54,1
230.41,Mater Et Magistra,Carta Encíclica de sua Santidade o Papa João XXIII sobre a evolução da questão social à luz da doutrina cristã,Papa João XXIII,,Tipografia Poliglota Vaticana,A voz do Papa,7,24,"Teologia doutrina cristã, dogma",São Paulo,Paulinas,1980,83,1
230.42,"Lumen Gentium ""de ecclesia""",Constituição dogmática do Concílio Ecumênico Vaticano II sobre a igreja,Papa João XXIII,,Tipografia Poliglota Vaticana,A voz do Papa,6,31,"Teologia doutrina cristã, dogma",São Paulo,Paulinas,1981,104,1
230.43,Apostolicam Actuositatem,Decreto do Concílio Vaticano II sobre o apostolado dos leigos,Papa João XXIII,,Secretariado Nacional do Apostolado em oração em Portugal,A voz do Papa,1,36,"Teologia doutrina cristã, dogma",São Paulo,Paulinas,1966,52,1
230.44,Gaudium Et Spes,Constituição pastoral do Concílio Vaticano II sobre a igreja no mundo de hoje,Papa João XXIII,,Secretariado Nacional do Apostolado em oração em Portugal,A voz do Papa,8,41,"Teologia doutrina cristã, dogma",São Paulo,Paulinas,1983,131,1
230.45,Humanae Vitae,Carta Encíclica de sua Santidade o Papa Paulo VI sobre a regulação da natalidade,Papa Paulo VI,,Tipografia Poliglota Vaticana,A voz do Papa,4,60,"Teologia doutrina cristã, dogma",São Paulo,Paulinas,1968,34,1
230.46,Por ocasião do 80º aniversário da Encíclica Rerum Novarum (octogesima adveniens),Carta Apostólica de sua Santidade o Papa Paulo VI,Papa Paulo VI,,Tipografia Poliglota Vaticana,A voz do Papa,2,68,"Teologia doutrina cristã, dogma",São Paulo,Paulinas,1977,46,1
230.47,A catequese hoje,"Exortação Apostólica ""Cathechesi Tradendae"" de João Paulo II",João Paulo II,,,A voz do Papa,7,93,"Teologia doutrina cristã, dogma",São Paulo,Paulinas,1982,88,1
230.48,O trabalho humano,"Carta Encíclica de João Paulo II ""Laborem Exercens"" 90º aniversário Rerum Novarum",João Paulo II,,,A voz do Papa,11,99,"Teologia doutrina cristã, dogma",São Paulo,Paulinas,1999,97,1
230.49,A missão da família cristã no mundo hoje,Exortação Apostólica de João Paulo II,João Paulo II,,,A voz do Papa,4,100,"Teologia doutrina cristã, dogma",São Paulo,Paulinas,1982,154,1
230.50,O sentido cristão do sofrimento humano,"Carta Apostólica ""Salvifici Doloris"" de João Paulo II",João Paulo II,,,A voz do Papa,3,104,"Teologia doutrina cristã, dogma",São Paulo,Paulinas,1988,70,1
230.51,Slavorum Apostoli,Carta Encíclica de João Paulo II ,João Paulo II,,,A voz do Papa,1,108,"Teologia doutrina cristã, dogma",São Paulo,Paulinas,1985,46,1
230.52,Instrução sobre o respeito à vida humana nascente e a dignidade da procriação,"Congregação para a Doutrina da Fé, respostas a algumas questões",João Paulo II,,,A voz do Papa,3,115,"Teologia doutrina cristã, dogma",São Paulo,Paulinas,1987,59,1
230.53,A mãe do redentor,"Carta Encíclica de João Paulo II ""Redemptoris Mater""",João Paulo II,,,A voz do Papa,7,116,"Teologia doutrina cristã, dogma",São Paulo,Paulinas,1988,99,1
230.54,A dignidade e a vocação da mulher,"Carta Apostólica de João Paulo II ""Mulieris Dignitatem""",João Paulo II,,,A voz do Papa,1,118,"Teologia doutrina cristã, dogma",São Paulo,Paulinas,1988,115,1
230.55,Sobre o empenho ecumênico,"Carta Encíclica ""Ut Unum Sint"" do Santo Padre João Paulo II",João Paulo II,,,A voz do Papa,1,142,"Teologia doutrina cristã, dogma",São Paulo,Paulinas,1995,114,1
230.56,Sobre a Eucaristia na sua relação com a igreja,"Carta Encíclica ""Ecclesia de Eucharistia"" do Sumo Pontífice João Paulo II aos bispos, aos presbíteros e diáconos, às pessoas consagradas e a todos os fiéis leigos",João Paulo II,,,A voz do Papa,7,185,"Teologia doutrina cristã, dogma",São Paulo,Paulinas,2003,86,1
230.57,Para o ano da Eucaristia,"Carta Apostólica ""Mane Nobiscum Domine"" do Sumo Pontífice João Paulo II ao episcopado, ao clero e aos fiéis",João Paulo II,,,A voz do Papa,2,187,"Teologia doutrina cristã, dogma",São Paulo,Paulinas,2005,46,1
230.58,"Misericordiae Vultus, O rosto da misericórdia",Bula de proclamação do jubileu extraordinário da misericórida,Papa Francisco,,,A voz do Papa,1,200,"Teologia doutrina cristã, dogma",São Paulo,Paulinas,2015,40,1
230.59,Igreja e política,subsídios teológicos,Conferência Nacional dos Bispos do Brasil,,,Estudos da Cnbb,11,2,"Teologia doutrina cristã, dogma",São Paulo,Paulinas,1974,54,1
230.60,Teologia dogmática,primeiro tratado a Trindade de Deus; segundo tratado Deus Criador,"Frei Ovídio Zanini, O.F.M.Cap.",,,,1,1,"Teologia doutrina cristã, dogma",Ponta Grossa,Centro de Teologia e Filosofia,1976,113,1
230.61,Teologia dogmática,terceiro tratado Deus Redentor; quarto tratado A Virgem Maria,"Frei Ovídio Zanini, O.F.M.Cap.",,,,1,2,"Teologia doutrina cristã, dogma",Ponta Grossa,Centro de Teologia e Filosofia,s.d.,92,1
230.62,Teologia dogmática,quinto tratato Eclesiologia; sexto tratado A Graça Divivina,"Frei Ovídio Zanini, O.F.M.Cap.",,,,1,3,"Teologia doutrina cristã, dogma",Ponta Grossa,Centro de Teologia e Filosofia,1977,123,1
230.63,Primeiro Catecismo da Doutrina Cristã,ofício da Imaculada Conceição da Virgem Maria,"Frei Carmelo Surian, O.F.M.",,,,126,,"Teologia doutrina cristã, dogma",Petrópolis,Vozes,1984,138,1
230.64,Compêndio do Vaticano II,"constituições, decretos, declarações","Frei Boaventura Koppenburg, O.F.M.; Frei Frederico Vier, O.F.M",,,,10,,"Teologia doutrina cristã, dogma",Petrópolis,Vozes,1968,743,1
230.65,Curso elementar de catequese,elementos metodológicos e didácticos,Departamento de Pastoral e Catequese da Universidade de Navarra,,Abílio Cardoso,,1,1,"Teologia doutrina cristã, dogma",Lisboa,CAS,1977,302,1
230.66,Curso elementar de catequese,elementos metodológicos e didácticos,Departamento de Pastoral e Catequese da Universidade de Navarra,,Abílio Cardoso,,1,2,"Teologia doutrina cristã, dogma",Lisboa,CAS,1977,255,1
230.67,Pai Nosso!,uma reflexão teológica e pastoral sobre Deus Pai,Mauri L. Heerdt; Paulo De Coppi,,,,2,,"Teologia doutrina cristã, dogma",São Paulo,Mundo e Missão,2003,176,1
230.68,Puebla ao alcance de todos,,Pe. Luiz Cechinato,,,,2,,"Teologia doutrina cristã, dogma",Petrópolis,Vozes,1981,159,1
230.69,"A quem iremos, Senhor?",explicação do credo para adultos,Pe. Luiz Cechinato,,,,6,,"Teologia doutrina cristã, dogma",Petrópolis,Vozes,1987,230,1
230.70,O caminho,síntese da doutrina cristã,Província Eclesiástica de Alagoas,,,,14,,"Teologia doutrina cristã, dogma",São Paulo,Loyola,1995,442,1
230.71,Seguir o mestre ,batismo e/ou confirmação e eucaristia de adultos,Antônio Francisco Blankendaal,,,Água e Espírito,1,1,"Teologia doutrina cristã, dogma",São Paulo,Paulinas,2007,140,1
230.72,Documento de Aparecida,texto conclusivo da V Conferência Geral do Episcopado Latino-Americano e do Caribe 13-31 de maio de 2007,Conselho Episcopal Latino-Americano,,Luiz Alexandre Solano Rossi,,5,,"Teologia doutrina cristã, dogma",Brasília; São Paulo,"CNBB, Paulinas, Paulus",2008,311,1
230.73,Alicerce para um mundo novo,a fé explicada aos jovens,"José Fernandes de Oliveira (Pe. Zezinho, SCJ)",,,,6,,"Teologia doutrina cristã, dogma",São Paulo,Paulinas,1977,378,1
230.74,O jeito de Maria de Nazaré,,"Pe. José Ribolla, C.SS.R.",,,,1,,"Teologia doutrina cristã, dogma",Aparecida,Santuário,1991,150,1
230.75,O jeito de Jesus de Nazaré,,"Pe. José Ribolla, C.SS.R.",,,,6,,"Teologia doutrina cristã, dogma",Aparecida,Santuário,1991,175,1
230.76,ABC da Bíblia,,Pe. Alberto Antoniazzi; Inês Broshuis; Rosana Pulga et al.,,,,30,,"Teologia doutrina cristã, dogma",São Paulo,Paulus,1982,32,1
230.77,Deus é amor,Carta Encíclica Deus Caritas Est,Bento XVI,,,Documentos do Magistério,1,,"Teologia doutrina cristã, dogma",São Paulo,Paulus; Loyola,2006,52,1; 2
230.78,"Evangelii Gaudium, A alegria do Evangelho ","sobre o anúncio do Evangelho no mundo atual, Exortação Apostólica",Francisco,,,Documento do Magistério,1,2,"Teologia doutrina cristã, dogma",São Paulo,Paulus; Loyola,2014,165,1
230.79,Luadato Si' Louvado sejas,"sobre o cuidado da casa comum, Carta Encíclica do Sumo Pontífice",Francisco,,,Documentos do Magistério,1,,"Teologia doutrina cristã, dogma",São Paulo,Paulus e Loyola,2015,142,1
230.80,Compêndio do Catecismo da Igreja Católica,,,,Orlando Moreira; Marcelo Perine,,1,,"Teologia doutrina cristã, dogma",São Paulo,Loyola,2005,207,1
230.81,Segundo Catecismo da Doutrina Cristã,,"Dom Manuel Pedro da Cunha Cintra; Frei Hugo D. Baggio, O.F.M",,,,108,,"Teologia doutrina cristã, dogma",Petrópolis,Vozes,1999,128,1
230.82,Perscrutai,aos consagrados e às consagradas a caminho nos sinais de Deus,Congregação para Institutos de vida consagrada e as sociedades de vida apostólica,,Jaime A. Clasen,Ano da vida consagrada,1,,"Teologia doutrina cristã, dogma",São Paulo,Paulinas,2014,83,1
230.83,Catecismo da Bíblia,,D. Paulo Lopes de Faria,,,,8,,"Teologia doutrina cristã, dogma",São Paulo,Paulinas,1985,31,1
230.84,Catecismo da Missa,,Padre Cristovam Iubem,,,,1,,"Teologia doutrina cristã, dogma",Guarapuava,Pão & Vinho,2011,105,1
230.85,Manual dos Ministros Extraordinários da Comunhão Eucarística,,Arquidiocese de Curitiba,,,,2,,"Teologia doutrina cristã, dogma",Curitiba,IdealGraf,1999,225,1
230.86,Manual dos Ministros Extraordinários da Comunhão e da Esperança,,Diocese de Ponta Grossa,,,,1,,"Teologia doutrina cristã, dogma",Ponta Grossa,,1995,110,1
230.87,Vida do glorioso patriarca São José,,Maria Cecilia Baiy,,missionário capuchinho,,2,,"Teologia doutrina cristã, dogma",Petrópolis,Vozes,1937,127,1
230.88,O banquete do cordeiro,a missa segundo um convertido,Scott Hahn,,Barbara Theoto Lambert,,1,,"Teologia doutrina cristã, dogma",São Paulo,Cléofas e Loyola Jesuítas,2014,161,
230.89,O Evangelho de Jesus,,,,Monsenhor Enrico Galbiati,,1,,"Teologia doutrina cristã, dogma",São Paulo,MIMEP,1968,318,
230.90,Vocação e missão dos leigos na igreja e no mundo vinte anos depois do Concílio Vaticano II,Lineamenta,Sínodo dos Bispos,,,,1,,"Teologia doutrina cristã, dogma",São Paulo,Paulinas,1985,79,1
230.91,O Calvário e a missa,,Monsenhor Fulton J. Sheen,,Pe. Leal Furtado,,4,,"Teologia doutrina cristã, dogma",Petrópolis,Vozes,1960,78,1
230.92,Os Santos do calendário romano,rezar com os santos na liturgia,Enzo Lodi,,Benôni Lemos; Patrícia G. E. Collina Bastianetto,,2,,"Teologia doutrina cristã, dogma",São Paulo,Paulus,1992,664,1
230.93,A igreja do Deus Vivo,"coluna e fundamento da verdade, curso bíblico popular sobre a verdadeira igreja",Fr. Battistini,,,,4,,"Teologia doutrina cristã, dogma",Rio de Janeiro,Magé,1983,143,1
240.1,Oração diária do casal,,Jaime e Cecília Boing,,,,1,,Moral e prática religiosa,Florianópolis,Missão jovem,s.d,63,1
240.2,Manual do Movimento de Capelinhas,tudo a Jesus por Maria,Geraldo M. Pellanda,,,,1,,Moral e prática religiosa,Ponta Grossa ,Imprimatur,1973,22,1
240.3,Medjugorje Novo Santuário,,s/a,,,,,,Moral e prática religiosa,,,s.d,,1
240.4,Comunicar,,s/a,,,,,,Moral e prática religiosa,,,s.d,58,1
240.5,O reino entre nós,,Movimento de Evangelização da Diocese de Caratinga,,,,2,,Moral e prática religiosa,Belo Horizonte,O Lutador,1974,93,1
240.6,Libertação Páscoa,roteiro catequético 1o grau-5a série,Equipe Diocesana de Catequese,,,,1,,Moral e prática religiosa,Santo Maria,Rainha,1976,132,1
240.7,Parada para pensar,,Pe. Roque Scheider S.J.,,,,8,,Moral e prática religiosa,São Paulo,Paulinas,1984,60,1
240.8,Receitas de felicidade,,Pe. Roque Schneider,,,,7,,Moral e prática religiosa,São Paulo,Paulinas,1983,92,1
240.9,Caminhos da vida,,Almir Ribeiro Guimarães,,,Encontro,1,,Moral e prática religiosa,Petrópolis,Vozes,1972,47,1
240.10,Eu quero ver,,Almir Ribeiro Guimarães,,,Encontro,2,8,Moral e prática religiosa,Petrópolis,Vozes,1973,46,1
240.11,"Felicidade, onde moras?",,Pe. Roque Schneider,,,Encontro,10,,Moral e prática religiosa,Petrópolis,Vozes,1982,50,1
240.12,"Felicidade, onde moras?",,Pe. Roque Schneider,,,Encontro,11,,Moral e prática religiosa,Petrópolis,Vozes,1984,50,1
240.13,Ofício Divino da Juventude,,Bispo Eugênio Rixen,,,,5,,Moral e prática religiosa,Goiania,Casa da Juventude,2012,185,1;
240.13,Ofício Divino da Juventude,,Bispo Eugênio Rixen,,,,5,,Moral e prática religiosa,Goiania,Casa da Juventude,2012,185,2
240.14,O segredo é cultivar(-se),,Carlos Afonso Schmitt,,,Coração a Coração,4,,Moral e prática religiosa,São Paulo,Paulinas,1984,133,1
240.15,Inquietude,em busca de um caminho,Miguel Lucas,,,,2,,Moral e prática religiosa,São Paulo,Paulinas,1983,62,1
240.16,Rosário em família,com Maria contemplando o rosto de Jesus,"Helena Corazza, F.S.P.",,,,1,,Moral e prática religiosa,São Paulo,Paulinas,2002,63,1
240.17,Louvemos o Senhor,,Associação do Senhor Jesus,,,,,98,Moral e prática religiosa,Campinas,Associação,1998,144,1
240.18,Não estou só,,Lúcia Jordão Villela,,,Fonte de Vida,5,1,Moral e prática religiosa,,,s.d,32,1
240.19,Moral,a arte de viver,Juan Luis Lorda,,Roberto Vidal da Silva,,1,,Moral e prática religiosa,São Paulo,Quadrante,2001,236,1
240.20,Jesus Cirsto dá seu recado,,N. Maccari,,,,1,,Moral e prática religiosa,Porto Alegre,Paulinas,s.d,30,1
240.21,Mãe ,mulher-comuicação,Dirce Carvalho F.S.P.,,,,1,,Moral e prática religiosa,Porto Alegre,Paulinas,1982,s.p.,1
240.22,"Aos atletas do espírito, que disputam no ""Estádio"" em busca de um troféu incorruptível!",,Frei Eurico,,,,1,,Moral e prática religiosa,,,s.d,s.p.,1
240.23,Orações do dia-a-dia,,Maria Cecília de M. Duprat,,,,1,,Moral e prática religiosa,São Paulo,Paulinas,1982,62,1
240.24,Novena Perpétua de Nossa Senhora Aparecida,,,,,,1,,Moral e prática religiosa,Aparecida-SP,Santuário,s.d,32,1
240.25,Livro do Perdão,,Raissa Castro Oliveira (org.),,,,1,,Moral e prática religiosa,Campinas,Raboni,1997,98,1
240.26,Peregrinando com Cristo,,Movimento de Cursilhos de Cristandade do Brasil,,,,1,,Moral e prática religiosa,São Paulo,Loyola,1997,110,1
240.27,Pequeno Devocionário Antoniano,editado por ocasição da visita das veneráveis relíquias de Santo Antônio ao Brasil,Frei Diogo L. Fuitem; Frei João Mamede Filho (coords.),,,,1,,Moral e prática religiosa,,,1999,45,1
240.28,Terço na mão e fé no coração!,,Sônia Venâncio,,,,4,,Moral e prática religiosa,São Paulo,Canção Nova,2011,102,1
240.29,Terço das dores,,,,,,1,,Moral e prática religiosa,Curitiba,Elma,s.d,11,1
240.30,Jesus o Pão da Vida.,quem comer este pão viverá eternamente,Nilse A. Czekalski,,,,1,,Moral e prática religiosa,,,s.d,43,1
240.31,Guia do Cursilhista,São Paulo Apóstolo,Movimento de Cursilhos de Cristandade do Brasil,,,,1,,Moral e prática religiosa,União da Vitória,,s.d,27,1
240.32,Orações do meu dia-a-dia,,João S. Clá Dias (org.),,,,13,,Moral e prática religiosa,São Paulo,Takano,2004,94,1
240.33,Ordinário da Missa,aprovado pela Assembleéia Geral da C.N.B.B.,Frei Carmelo Surian (org),,,,1,,Moral e prática religiosa,Petrópolis,Vozes,1966,64,1
240.34,Ordinário da Missa,aprovado pelo Santo Padre Paulo VI,Secretariado Nacional de Liturgia da CNBB,,,,3,,Moral e prática religiosa,Petrópolis,Vozes,1969,80,1
240.35,Orações e Santos Populares,,Pe. Paulo José Scopel (comp.),,,,26,,Moral e prática religiosa,Canoas,La Salle,1993,191,1
240.36,Ritual Popular,,Pe. Paulo José Scopel (comp.),,,,22,,Moral e prática religiosa,Canoas,La Salle,1999,136,1
240.37,Deus Conosco,meditação diária Aparecida,Daniel Siqueira (prep.),,,,1,,Moral e prática religiosa,Aparecida-SP,Santuário,2019,s.p.,1
240.37,Viver com Deus,todos os dias,Pe. Sebastião Braz da Silveira,,,,1,,Moral e prática religiosa,Belo Horizonte,O Lutador,1995,33,1
240.38,Novenas à N. S. do Sagrado Coração,,Missionários do Sagrado Coração de Jesus,,,,1,,Moral e prática religiosa,São Paulo,Oficinas da Ambrosiana,2006,72,1
240.39,Poemas para rezar,quanto toda a vida se torna oração,Michel Quoist,,Lucas Moreira Neves,,26,,Moral e prática religiosa,São Paulo,Duas cidades,1971,207,1
240.40,Cantiga de libertação,,Pe. Zezinho scj,,,Imagem,1,,Moral e prática religiosa,São Paulo,Paulinas,s.d,63,1
240.41,Solene Concelebração Eucarística em hontra de,São Josemaria Escrivá,Opus Dei,,,,1,,Moral e prática religiosa,São Paulo,Opus Dei,s.d,29,1
240.42,Novena dos enfermos a São Josemaria Escrivá,,Pe. Francisco Faus,,,,1,,Moral e prática religiosa,São Paulo,Opus Dei,2006,24,1
240.43,Novena à Divina Misericórdia,e outras orações seletas de Santa Faustina Kowalska,Padres Marianos,,,,21,,Moral e prática religiosa,Curitiba,Mãe da Misericórida,2011,64,1
240.44,Leitura Diária,janeiro de 1982,Associação Unidade de Cristianismo,,,,1,,Moral e prática religiosa,São Paulo,AUC,1982,16,1
240.45,Palavra e vida 2017,o evangelho comentado cada dia com Lectio Divina aos domingos,"Marcos Antônio Mendes, CMF (org.)",,,,1,,Moral e prática religiosa,São Paulo,Ave Maria,2016,s.p.,1
240.46,A virtude da humildade,,Milton Paulo de Lacerda,,,,1,,Moral e prática religiosa,Petrópolis,Vozes,1998,36,1
240.47,Hora Santa com Nossa Senhora,,Pe. João Piasentin s.s.s.,,,,1,,Moral e prática religiosa,Belo Horizonte,O Lutador,s.d,52,1
240.48,A mensagem do amor na sagrada escritura,,Pe. Ney Paranhos,,,Paraliturgia,1,,Moral e prática religiosa,Porto Alegre,Pia Sociedade Filhas,s.d,21,1
240.49,O rosário com Maria,,Afonso de Santa Cruz,,,Vida Interior,4,18,Moral e prática religiosa,Curitiba,Rosário,1982,59,1
240.50,São José,protetor da Santa Igreja,Dom Oscar de Oliveira,,,,1,,Moral e prática religiosa,Mariana,Imprimatur,1994,64,1
240.51,Uma vista ao Santíssimo Sacramento,,Comunidade Canção Nova,,,,8,,Moral e prática religiosa,São Paulo,Loyola,2001,76,1
240.52,Nossa Senhora da Defesa,,Luzia Santiago,,,,1,,Moral e prática religiosa,Cachoeira Paulista,Canção Nova,2001,47,1
240.53,Novena ao Glorioso Patriarca São José,,,,"Pe. Raimundo Nogueira, NDS",,1,,Moral e prática religiosa,Ipiranga,Tecniplasti,s.d,14,1
240.54,Devocionário a São Miguel Arcanjo,,Comunidade Canção Nova,,,,1,,Moral e prática religiosa,Cachoeira Paulista,Canção Nova,2004,102,1
240.55,Rezando o Terço com os Anjos,,Pe. Antonio Gomes da Silva Neto,,,,1,,Moral e prática religiosa,Apucarana,Arquidiocese de Apucarana,s.d,44,1
240.56,Método para rezar com fruto o Santo Rosário,,Pe. Antonio Gomes da Silva Neto,,,,1,,Moral e prática religiosa,Apucarana,Arquidiocese de Apucarana,s.d,48,1
240.57,Rezando com Nossa Senhora,"as alegrias, as eperanças, as dores e as glórias","Maria Belém, FSP",,,Vida Cristã,2,,Moral e prática religiosa,São Paulo,Paulinas,2009,91,1
240.58,Novena do Natal,,Pe. Francisco Faus,,,,1,,Moral e prática religiosa,São Paulo,Opus Dei,s.d,47,1
240.59,Novena da Família a São Josemaria Escrivá,,Pe. Francisco Faus,,,,1,,Moral e prática religiosa,São Paulo,Opus Dei,2004,47,1
240.60,Encontro diário dom Deus 2016,orações e mensagens,"Frei Edrian Josué Pasini, OFM (org.)",,,,1,,Moral e prática religiosa,Petrópolis,Vozes,2015,s.p.,1
240.61,Anúncio da Boa Nova,,Movimento de Evangelização da Diocese de Caratinga,,,,8,1,Moral e prática religiosa,Belo Horizonte,O Lutador,1984,116,1
240.62,Anúncio da Boa Nova,,Movimento de Evangelização da Diocese de Caratinga,,,,7,2,Moral e prática religiosa,Belo Horizonte,O Lutador,1982,145,1
240.63,Anúncio da Boa Nova,,Movimento de Evangelização da Diocese de Caratinga,,,,1,3,Moral e prática religiosa,Belo Horizonte,O Lutador,1976,95,1
240.64,Oremos com Maria,ofício de Nossa Senhora,Frei Paulo Gollarte; Frei Cláudio Van Balen,,,,3,,Moral e prática religiosa,Petrópolis,Vozes,1977,367,1
240.65,Maria na vida do casal,meditações diárias para casais,"Frei Luís Gonzaga Costa, O.F.M.",,,,3,,Moral e prática religiosa,Petrópolis,Vozes,1979,103,1
240.66,Cura através do Rosário,,Ann Ross Fitch,,Raissa Castro Oliveira,,2,,Moral e prática religiosa,Campinas,Raboni,1992,89,1
240.67,Mensagens e orações inesquecíveis,,Padre Juca,,,Vida Feliz,4,2,Moral e prática religiosa,Curitiba,Gráfica Vicentina,1984,106,1
240.68,Gotas de Esperança e otimismo,,Padre Jucca,,,Vida Feliz,3,3,Moral e prática religiosa,Curitiba,Gráfica Vicentina,1984,116,
240.69,Uma palavra amiga,,Padre Juca,,,Vida Feliz,2,4,Moral e prática religiosa,Curitiba,Gráfica Vicentina,1984,100,1
240.70,Hora Santa Eucarística,"Eucaristia: alimento, reconciliação, presença",Maria Helena Zandonadi (org.),,,,4,,Moral e prática religiosa,São Paulo,Paulus,1999,23,1
240.71,Todos os Santos,Jesus Cristo o centro e a base de todos,Pe. Jair Aparecido Favoretto,,,,1,3,Moral e prática religiosa,Maringá,Profeapaz,s.d,74,1
250.1,Subsídios para a Formação de Assitentes Espirituais,,Ordem Franciscana Secular,,,,1,, Igreja Cristã e Ordem Religiosa,Rio de Janeiro,Jmesuquita Stúdio Gráfico,2005,56,1
250.2,Identidade dos irmãos e irmãs da TOR,comentário à regra,Martino Cornti,,Almir Ribeiro Guimarães,,1,, Igreja Cristã e Ordem Religiosa,Petrópolis,Vozes,1992,208,1
250.3,"Francisco, o irmão sempre alegre",,Frei Jorge E. Hartamnn,,,,1,, Igreja Cristã e Ordem Religiosa,Petrópolis,Vozes,2008,150,1
250.4,São Francisco,o poeta da criação,Pe. José Artulino Besen,,,,5,, Igreja Cristã e Ordem Religiosa,Florianópolis,Mundo e Missão,2008,42,1
250.5,Franciscanos na Educação e Comunicação,,Publicação DEC,,,,1,, Igreja Cristã e Ordem Religiosa,Bragança Paulista,Departamento Gráfico da Universidade São Francisco,s/d,98,1
250.6,O Franciscanismo e os excluídos,,Celso Márcio Teixeira,,,Cadernos Franciscanos,,9, Igreja Cristã e Ordem Religiosa,Petrópolis,Vozes,1995,57,1
250.7,O Franciscano e a política,,Frei Nedio Pertile,,,Cadernos Franciscanos,,10, Igreja Cristã e Ordem Religiosa,Petrópolis,Vozes,1996,72,1
250.8,O Franciscano e Deus Pai,,Frei Nedio Pertile,,,Cadernos Franciscanos,,14, Igreja Cristã e Ordem Religiosa,Petrópolis,Vozes,1999,93,1
250.9,Introdução e visão de conjunto,,Anton Rotzetter - Maria Doka - Margarethe Mehren - Patrícia Hoffmann-Kayser - Othmar Noggler - Horst von der Bey - Andreas Muller,,Malina Hoepfner,Curso Básico sobre o Carisma Missionário Franciscano,2,0, Igreja Cristã e Ordem Religiosa,Petrópolis,Vozes,2004,48,1
250.10,"Cristianismo, a Religião da Encarnação",,Anton Rotzetter - Maria Doka - Margarethe Mehren - Patrícia Hoffmann-Kayser - Othmar Noggler - Horst von der Bey - Andreas Muller,,Malina Hoepfner,Curso Básico sobre o Carisma Missionário Franciscano,2,1, Igreja Cristã e Ordem Religiosa,Petrópolis,Vozes,2004,36,1
250.11,A Família Franciscana,,Anton Rotzetter - Maria Doka - Margarethe Mehren - Patrícia Hoffmann-Kayser - Othmar Noggler - Horst von der Bey - Andreas Muller,,Malina Hoepfner,Curso Básico sobre o Carisma Missionário Franciscano,2,2, Igreja Cristã e Ordem Religiosa,Petrópolis,Vozes,2003,40,1
250.12,Cooperação Interfranciscana Hoje,,Anton Rotzetter - Maria Doka - Margarethe Mehren - Patrícia Hoffmann-Kayser - Othmar Noggler - Horst von der Bey - Andreas Muller,,Malina Hoepfner,Curso Básico sobre o Carisma Missionário Franciscano,2,3, Igreja Cristã e Ordem Religiosa,Petrópolis,Vozes,2004,32,1
250.13,Formação inicial e permanente,,Anton Rotzetter - Maria Doka - Margarethe Mehren - Patrícia Hoffmann-Kayser - Othmar Noggler - Horst von der Bey - Andreas Muller,,Malina Hoepfner,Curso Básico sobre o Carisma Missionário Franciscano,2,4, Igreja Cristã e Ordem Religiosa,Petrópolis,Vozes,2004,32,1
250.14,Fundamento bíblico-profético da Missão Franciscana,,Anton Rotzetter - Maria Doka - Margarethe Mehren - Patrícia Hoffmann-Kayser - Othmar Noggler - Horst von der Bey - Andreas Muller,,Malina Hoepfner,Curso Básico sobre o Carisma Missionário Franciscano,2,5, Igreja Cristã e Ordem Religiosa,Petrópolis,Vozes,2005,32,1
250.15,A origem da misssão franciscana no mistério trinitário,,Maria Crucis Doka -  Patrícia Hoffmann - Margarethe Mehren -  Andreas Muller- Othmar Noggler - Anton Rotzetter,,Malina Hoepfner,Curso Básico sobre o Carisma Missionário Franciscano,1,6, Igreja Cristã e Ordem Religiosa,Petrópolis,Vozes,1994,32,1
250.16,A missão franciscana nas primeiras fontes,,Maria Crucis Doka -  Patrícia Hoffmann - Margarethe Mehren -  Andreas Muller- Othmar Noggler - Anton Rotzetter,,Malina Hoepfner,Curso Básico sobre o Carisma Missionário Franciscano,1,7, Igreja Cristã e Ordem Religiosa,Petrópolis,Vozes,1994,31,1
250.17,Fidelidade e traição,a história da missão franciscana,Maria Crucis Doka -  Patrícia Hoffmann - Margarethe Mehren -  Andreas Muller- Othmar Noggler - Anton Rotzetter,,Malina Hoepfner,Curso Básico sobre o Carisma Missionário Franciscano,1,8, Igreja Cristã e Ordem Religiosa,Petrópolis,Vozes,1994,36,1
250.18,A missão franciscana segundo as fontes modernas,,Anton Rotzetter - MariaCrucis Doka - Margarethe Mehren - Patrícia Hoffmann-Kayser - Othmar Noggler - Horst von der Bey - Andreas Muller,,Malina Hoepfner,Curso Básico sobre o Carisma Missionário Franciscano,1,9, Igreja Cristã e Ordem Religiosa,Petrópolis,Vozes,1994,29,1
250.19,Unidade de contemplação e missão,,Anton Rotzetter - MariaCrucis Doka - Margarethe Mehren - Patrícia Hoffmann-Kayser - Othmar Noggler - Horst von der Bey - Andreas Muller,,Malina Hoepfner,Curso Básico sobre o Carisma Missionário Franciscano,1,10, Igreja Cristã e Ordem Religiosa,Petrópolis,Vozes,1994,39,1
250.20,Decisão por Cristo e amplitude universal,,Anton Rotzetter - MariaCrucis Doka - Margarethe Mehren - Patrícia Hoffmann-Kayser - Othmar Noggler - Horst von der Bey - Andreas Muller,,Malina Hoepfner,Curso Básico sobre o Carisma Missionário Franciscano,1,11, Igreja Cristã e Ordem Religiosa,Petrópolis,Vozes,1994,30,1
250.21,Fraternidade universal,"reconciliação com Deus, com o homem e a natureza",Anton Rotzetter - MariaCrucis Doka - Margarethe Mehren - Patrícia Hoffmann-Kayser - Othmar Noggler - Horst von der Bey - Andreas Muller,,Malina Hoepfner,Curso Básico sobre o Carisma Missionário Franciscano,1,12, Igreja Cristã e Ordem Religiosa,Petrópolis,Vozes,1994,38,1
250.22,A misssão franciscana e o anúncio da Palavra,,Anton Rotzetter - MariaCrucis Doka - Margarethe Mehren - Patrícia Hoffmann-Kayser - Othmar Noggler - Horst von der Bey - Andreas Muller,,Malina Hoepfner,Curso Básico sobre o Carisma Missionário Franciscano,1,13, Igreja Cristã e Ordem Religiosa,Petrópolis,Vozes,1994,29,1
250.23,Irmãs e irmãos num mundo secularizado,,Anton Rotzetter - MariaCrucis Doka - Margarethe Mehren - Patrícia Hoffmann-Kayser - Othmar Noggler - Horst von der Bey - Andreas Muller,,Malina Hoepfner,Curso Básico sobre o Carisma Missionário Franciscano,1,14, Igreja Cristã e Ordem Religiosa,Petrópolis,Vozes,1994,38,1
250.24,O diálogo com outras religiões,um caminho franciscano,Anton Rotzetter - MariaCrucis Doka - Margarethe Mehren - Patrícia Hoffmann-Kayser - Othmar Noggler - Horst von der Bey - Andreas Muller,,Malina Hoepfner,Curso Básico sobre o Carisma Missionário Franciscano,1,15, Igreja Cristã e Ordem Religiosa,Petrópolis,Vozes,1994,40,1
250.25,Encontro com os mulçumanos,,Anton Rotzetter - MariaCrucis Doka - Margarethe Mehren - Patrícia Hoffmann-Kayser - Othmar Noggler - Horst von der Bey - Andreas Muller,,Malina Hoepfner,Curso Básico sobre o Carisma Missionário Franciscano,1,16, Igreja Cristã e Ordem Religiosa,Petrópolis,Vozes,1994,47,1
250.26,"Inculturação, tarefa franciscana",,Anton Rotzetter - MariaCrucis Doka - Margarethe Mehren - Patrícia Hoffmann-Kayser - Othmar Noggler - Horst von der Bey - Andreas Muller,,Malina Hoepfner,Curso Básico sobre o Carisma Missionário Franciscano,1,17, Igreja Cristã e Ordem Religiosa,Petrópolis,Vozes,1994,52,1
250.27,O sonho franciscano de uma Igreja ameríndia,,Anton Rotzetter - MariaCrucis Doka - Margarethe Mehren - Patrícia Hoffmann-Kayser - Othmar Noggler - Horst von der Bey - Andreas Muller,,Malina Hoepfner,Curso Básico sobre o Carisma Missionário Franciscano,1,18, Igreja Cristã e Ordem Religiosa,Petrópolis,Vozes,1994,41,1
250.28,Francisco de Assis e a opção pelos pobres,,Anton Rotzetter - MariaCrucis Doka - Margarethe Mehren - Patrícia Hoffmann-Kayser - Othmar Noggler - Horst von der Bey - Andreas Muller,,Malina Hoepfner,Curso Básico sobre o Carisma Missionário Franciscano,1,19, Igreja Cristã e Ordem Religiosa,Petrópolis,Vozes,1994,48,1
250.29,Teologia da Libertação na visão franciscana,,Anton Rotzetter - MariaCrucis Doka - Margarethe Mehren - Patrícia Hoffmann-Kayser - Othmar Noggler - Horst von der Bey - Andreas Muller,,Malina Hoepfner,Curso Básico sobre o Carisma Missionário Franciscano,1,20, Igreja Cristã e Ordem Religiosa,Petrópolis,Vozes,1994,48,1
250.30,Crítica profética de sistemas sociais na perspectiva franciscana - A,,Anton Rotzetter - MariaCrucis Doka - Margarethe Mehren - Patrícia Hoffmann-Kayser - Othmar Noggler - Horst von der Bey - Andreas Muller,,Malina Hoepfner,Curso Básico sobre o Carisma Missionário Franciscano,1,21A, Igreja Cristã e Ordem Religiosa,Petrópolis,Vozes,1994,43,1
250.31,Crítica profética de sistemas sociais na perspectiva franciscana - B,,Anton Rotzetter - MariaCrucis Doka - Margarethe Mehren - Patrícia Hoffmann-Kayser - Othmar Noggler - Horst von der Bey - Andreas Muller,,Malina Hoepfner,Curso Básico sobre o Carisma Missionário Franciscano,1,21B, Igreja Cristã e Ordem Religiosa,Petrópolis,Vozes,1994,65,1
250.32,"""Como homem e mulher Ele os criou""",um desafio franciscano,Anton Rotzetter - MariaCrucis Doka - Margarethe Mehren - Patrícia Hoffmann-Kayser - Othmar Noggler - Horst von der Bey - Andreas Muller,,Malina Hoepfner,Curso Básico sobre o Carisma Missionário Franciscano,1,22, Igreja Cristã e Ordem Religiosa,Petrópolis,Vozes,1994,61,1
250.33,Empenho franciscano pela Paz,,Anton Rotzetter - MariaCrucis Doka - Margarethe Mehren - Patrícia Hoffmann-Kayser - Othmar Noggler - Horst von der Bey - Andreas Muller,,Malina Hoepfner,Curso Básico sobre o Carisma Missionário Franciscano,1,23, Igreja Cristã e Ordem Religiosa,Petrópolis,Vozes,1994,41,1
250.34,Nossa relação com a Ciência e a Técnica,,Anton Rotzetter - MariaCrucis Doka - Margarethe Mehren - Patrícia Hoffmann-Kayser - Othmar Noggler - Horst von der Bey - Andreas Muller,,Malina Hoepfner,Curso Básico sobre o Carisma Missionário Franciscano,1,24, Igreja Cristã e Ordem Religiosa,Petrópolis,Vozes,1994,56,1
250.35,A missão permanente dos franciscanos na Igreja,,Anton Rotzetter - MariaCrucis Doka - Margarethe Mehren - Patrícia Hoffmann-Kayser - Othmar Noggler - Horst von der Bey - Andreas Muller,,Malina Hoepfner,Curso Básico sobre o Carisma Missionário Franciscano,1,25, Igreja Cristã e Ordem Religiosa,Petrópolis,Vozes,1994,30,1
250.36,São Francisco,,Raoul Manselli,,Frei Celson Márcio Teixeira,,2,, Igreja Cristã e Ordem Religiosa,Petrópolis,Vozes,1997,331,1
250.37,A vida em fraternidade,,Ordem Franciscana Secular,,,,1,, Igreja Cristã e Ordem Religiosa,Petrópolis,Vozes,2001,189,1
250.38,Em nome de São Francisco,história dos frades menores e dos franciscanismo até inícios do século XVI,Grado Giovani Merlo,,Frei Ary E. Pintarelli - OFM,,1,, Igreja Cristã e Ordem Religiosa,Petrópolis,Vozes,2005,344,1
250.39,Vida e regra Franciscana,estranhando sua primeira versão vinda até nós,Frei Dorvalino Francisco Fassini - OFM,,,,1,, Igreja Cristã e Ordem Religiosa,Porto Alegre,"Província São Francisco de Assis, OFM",2005,390,1
250.40,Os opusculos de S. Francisco de Assis,,S/a,,,,3,, Igreja Cristã e Ordem Religiosa,São Paulo e Rio de Janeiro,Vozes e Petrópolis,1956,161,1
250.41,A experiência espiritual de São Vicente e a nossa,,,,"Pe. Ladislau Biernaski, C.M.",Vicentina,1,1, Igreja Cristã e Ordem Religiosa,Curitiba,Vicentina,1977,70,1
250.42,Antônio Frederico Ozanam,,Benedito Rosa Miranda; Messias G. Teixeira,,,Vicentina,1,5, Igreja Cristã e Ordem Religiosa,Curitiba,Vicentina,1983,71,1
260.1,Cristo minha vida,,Clarence J. Enzler,,,,14,,"Teologia social cristã, eclesial",São Paulo,Paulinas,1982,213,1
260.2,Cristo minha vida,,Clarence J. Enzler,,,,37,,"Teologia social cristã, eclesial",São Paulo,Paulinas,2002,203,1
260.3,De Leão XIII a João Paulo II,cem anos de doutrina social da igreja,Exequiel R. Gutierrez,,Haroldo Reimer,,1,,"Teologia social cristã, eclesial",São Paulo,Paulinas,1995,126,1
260.4,A verdade do homem e as razões de sua esperança,,Fellipo Santoro; João Carlos Petrini; Pedor Morandé; Aníbal Fornari,,Attílio Cancian,Escola de doutrina social,1,1,"Teologia social cristã, eclesial",São Paulo,Companhia Ilimitada,1989,120,1
260.5,O destino do homem e do mundo,ensaio sobre a vocação humana,"Leonardo Boff, O.F.M.",,,Teologia,2,6,"Teologia social cristã, eclesial",Petrópolis,Vozes,1973,166,1
260.6,Pequena Encicolpédia de Doutrina Social da Igreja,,"Fernando Bastos de Ávila, S.J.",,,,1,,"Teologia social cristã, eclesial",São Paulo,Loyola,1991,459,1
270.1,A volta de Frei Boanerges,,Antônio Carlos Santini,,,,1,,História da Igreja Cristã,Belo Horizonte,O Lutador,1994,88,1
270.2,Estórias de Frei Boanerges,,Antônio Carlos Santini,,,,1,,História da Igreja Cristã,Belo Horizonte,O Lutador,1993,84,1
270.3,História Sagrada ,do Antigo e do Novo Testamento,Frei Bruno Heuser,,,,1,,História da Igreja Cristã,Petrópolis,Vozes,1970,324,1
270.4,A Igreja do futuro,,M.D.Chenu; M. Cornillon; Ch. Duquoc; P. Eyt; A. George; P. Gerest; P. Jacquemont; J.P. Jossua; P.A. Liégé; E. Marcus; Ch. Perrucon; P. Ricouer,,Pedro Paulo de Sena Madureira; Júlio Castañon Guimarães,,1,,História da Igreja Cristã,Petrópolis,Vozes,1973,162,1
270.5,Pia Unidão de missas de Ingolstadt ,"sob invocação da virgem imaculada, histórico e estatutos","Frei Antônio Alexandre Nader, O.F.M. ",,,,1,,História da Igreja Cristã,São Paulo ,P.U.M.I,1979,30,1
050.1,Revista da Universidade São Francisco,Educação para a Paz,,,,,4,7,Revista e Periódico,Bragança Paulista,Universidade São Francisco Campus 1,1989,,1
050.2,Novena em Preparação para Natal,A tarefa fundamental da família é o serviço à vida,,,,,,,Revista e Periódico,Guarapauva,Impresset,1996,,1
050.3,O Recado,Os filhos de ninguém,,,,jun.,4,,Revista e Periódico,São Paulo,Monsanto,1979,,1
050.4,O Recado,O excepcional: um irmão menor,,,,ago./set.,7,,Revista e Periódico,São Paulo,Monsanto,1979,,1
050.5,O Recado,Nobel da Paz Teresa de Calcutá,,,,out.,8,,Revista e Periódico,São Paulo,Monsanto,1979,,1
050.6,O Recado,Recado aos apressados; coisas da vida; as parábolas de Jesus; participação; consequências,,,,abr.,12,,Revista e Periódico,São Paulo,Monsanto,1980,,1
050.7,O Recado,A Senhora democracia,,,,mai.,13,,Revista e Periódico,São Paulo,Monsanto,1980,,1
050.8,O Recado,Taizé: uma experiência e um desafio,,,,out.,18,,Revista e Periódico,São Paulo,Monsanto,1980,,1
050.9,O Recado,Os diretos do homem; natal,,,,nov./dez.,19,,Revista e Periódico,São Paulo,Monsanto,1980,,1
050.10,O Recado,Saúde para todos,,,,jan./fev.,20,,Revista e Periódico,São Paulo,Monsanto,1981,,1
050.11,O Recado,A via-sacra de todos os dias,,,,mar.,21,,Revista e Periódico,São Paulo,Monsanto,1981,,1
050.12,O Recado,Cristo e Marx frente a frente na Rússia,,,,abr.,22,,Revista e Periódico,São Paulo,Monsanto,1981,,1
050.13,O Recado,A igreja na situação brasileira,,,,mai.,23,,Revista e Periódico,São Paulo,Monsanto,1981,,1
050.14,O Recado,A não-violência,,,,jul.,25,,Revista e Periódico,São Paulo,Monsanto,1981,,1
050.15,O Recado,"Ide, anunciai: Cristo pe vida plena",,,,set.,27,,Revista e Periódico,São Paulo,Monsanto,1981,,1
050.16,O Recado,Meditação para novembro,,,,out.,28,,Revista e Periódico,São Paulo,Monsanto,1981,,1
050.17,O Recado,Vocação: chamados por Deus,,,,ago.,36,,Revista e Periódico,São Paulo,Monsanto,1982,,1
050.18,O Recado,Outubro mês das missões; analfabetismo no mundo; os direitos do ancião,,,,out.,38,,Revista e Periódico,São Paulo,Monsanto,1982,,1
050.19,O Recado,"Bíblia: livro feito em mutirão, bíblia e direitos humanos",,,,set.,37,,Revista e Periódico,São Paulo,Monsanto,1982,,1
050.20,Subsídio Integrado,Felizes os que promovem a paz,,,,,,,Revista e Periódico,Curitiba,Roteiro para Grupos,2005,,1
050.21,Subsídio Integrado,A paz é fruto da justiça,,,,,,,Revista e Periódico,Curitiba,Roteiro para Grupos,2009,,1
050.22,Subsídio Integrado,Vocês não podem servir a Deus e ao Dinheiro,,,,,,,Revista e Periódico,Curitiba,Roteiro para Grupos,2010,,1
050.23,Pergunte e Responderemos,"Filosofia, Ciência e Religião, Doutrina, Bíblica Moral, História do Cristianismo",,,,jul.,151,,Revista e Periódico,Rio de Janeiro,Laudes,1972,,1
050.24,Pergunte e Responderemos,"Filosofia, Ciência e Religião, Doutrina, Bíblica Moral, História do Cristianismo",,,,set.,165,,Revista e Periódico,Rio de Janeiro,Laudes,1973,,1
050.25,Pergunte e Responderemos,"Filosofia, Ciência e Religião, Doutrina, Bíblica Moral, História do Cristianismo",,,,mai.,173,,Revista e Periódico,Rio de Janeiro,Laudes,1974,,1
050.26,Pergunte e Responderemos,"Filosofia, Ciência e Religião, Doutrina, Bíblica Moral, História do Cristianismo",,,,jul.,175,,Revista e Periódico,Rio de Janeiro,Laudes,1974,,1
050.27,Pergunte e Responderemos,"Filosofia, Ciência e Religião, Doutrina, Bíblica Moral, História do Cristianismo",,,,abr.,184,,Revista e Periódico,Rio de Janeiro,Laudes,1975,,1
050.28,Pergunte e Responderemos,"Filosofia, Ciência e Religião, Doutrina, Bíblica Moral, História do Cristianismo",,,,ago.,188,,Revista e Periódico,Rio de Janeiro,Laudes,1975,,1
050.29,Rumo ao novo milênio,Projeto de Evangelização da Igreja no Brasil em preparação ao Grande Jubileu do Ano 2000. Documento 56 da 34 Assembleia Geral da CNBB.,,,,,56,,Revista e Periódico,São Paulo,Salesiana Dom Bosco,1976,,1
050.30,Sem fornteiras,Índios Brasileiros,,,,abr.,50,,Revista e Periódico,São Paulo,Escolas Profissionais Salesianas,1977,,1
050.31,Almanaque Santo Antônio,,,,,,,,Revista e Periódico,Petrópolis,Vozes,2016,,1
050.32,Almanaque Santo Antônio,,,,,,,,Revista e Periódico,Petrópolis,Vozes,2017,,1
050.33,Almanaque Santo Antônio,,,,,,,,Revista e Periódico,Petrópolis,Vozes,2019,,1
050.34,Fato e razão,Edição Movimento Familiar cristão,,,,,10,,Revista e Periódico,Rio de Janeiro,Condin,,,1
050.35,Fato e razão,Número especial sobre o IX Encontro Latino-Americano do MFC,,,,,11,,Revista e Periódico,Rio de Janeiro,Condin,,,1
